step,coverage,cum_time,info_gain,overlap,fail,dt
1.000000000000000000e+00,3.725694444441857156e-01,3.933835385865677020e-02,3.524945770065076034e-01,6.475054229934924521e-01,0.000000000000000000e+00,3.933835385865677020e-02
2.000000000000000000e+00,3.916666666663946583e-01,7.940050124359263051e-02,3.160919540229885083e-01,6.839080459770114917e-01,0.000000000000000000e+00,4.006214738493585337e-02
3.000000000000000000e+00,4.084722222219385190e-01,1.116307470173962813e-01,3.261455525606469230e-01,6.738544474393530770e-01,0.000000000000000000e+00,3.223024577380364381e-02
4.000000000000000000e+00,4.295138888885906003e-01,1.625867235962950019e-01,3.020937188434695830e-01,6.979062811565304170e-01,0.000000000000000000e+00,5.095597657889873455e-02
5.000000000000000000e+00,4.517361111107973670e-01,2.124881964638355991e-01,3.059273422562141520e-01,6.940726577437859035e-01,0.000000000000000000e+00,4.990147286754061107e-02
6.000000000000000000e+00,4.517361111107973670e-01,2.634441730427343198e-01,0.000000000000000000e+00,1.000000000000000000e+00,0.000000000000000000e+00,5.095597657889873455e-02
7.000000000000000000e+00,4.517361111107973670e-01,3.133456459102749170e-01,0.000000000000000000e+00,1.000000000000000000e+00,0.000000000000000000e+00,4.990147286754061107e-02
8.000000000000000000e+00,4.517361111107973670e-01,3.455758916840785400e-01,0.000000000000000000e+00,1.000000000000000000e+00,0.000000000000000000e+00,3.223024577380364381e-02
9.000000000000000000e+00,4.677777777774528856e-01,3.838742957050619298e-01,2.756563245823389074e-01,7.243436754176610926e-01,1.000000000000000000e+00,3.829840402098341062e-02
1.000000000000000000e+01,4.854861111107739435e-01,4.346997569839073372e-01,2.656250000000000000e-01,7.343750000000000000e-01,0.000000000000000000e+00,5.082546127884540049e-02
1.100000000000000000e+01,5.041666666663164875e-01,4.836431283026823014e-01,2.703517587939698319e-01,7.296482412060301126e-01,0.000000000000000000e+00,4.894337131877496416e-02
1.200000000000000000e+01,5.209027777774160040e-01,5.228851397680154278e-01,2.536842105263157898e-01,7.463157894736842657e-01,0.000000000000000000e+00,3.924201146533308482e-02
1.300000000000000000e+01,5.209027777774160040e-01,5.727866126355560805e-01,0.000000000000000000e+00,1.000000000000000000e+00,0.000000000000000000e+00,4.990147286754061107e-02
1.400000000000000000e+01,5.209027777774160040e-01,6.217299839543311002e-01,0.000000000000000000e+00,1.000000000000000000e+00,0.000000000000000000e+00,4.894337131877496416e-02
1.500000000000000000e+01,5.324305555551858138e-01,6.550762913707174340e-01,2.130937098844672695e-01,7.869062901155327028e-01,0.000000000000000000e+00,3.334630741638633378e-02
1.600000000000000000e+01,5.324305555551858138e-01,6.873065371445210570e-01,0.000000000000000000e+00,1.000000000000000000e+00,0.000000000000000000e+00,3.223024577380364381e-02
1.700000000000000000e+01,5.324305555551858138e-01,7.382625137234197776e-01,0.000000000000000000e+00,1.000000000000000000e+00,0.000000000000000000e+00,5.095597657889873455e-02
1.800000000000000000e+01,5.324305555551858138e-01,7.890879750022651296e-01,0.000000000000000000e+00,1.000000000000000000e+00,0.000000000000000000e+00,5.082546127884540049e-02
1.900000000000000000e+01,5.324305555551858138e-01,8.273863790232485194e-01,0.000000000000000000e+00,1.000000000000000000e+00,0.000000000000000000e+00,3.829840402098341062e-02
2.000000000000000000e+01,5.324305555551858138e-01,8.763297503420235390e-01,0.000000000000000000e+00,1.000000000000000000e+00,0.000000000000000000e+00,4.894337131877496416e-02
2.100000000000000000e+01,5.324305555551858138e-01,9.262312232095641917e-01,0.000000000000000000e+00,1.000000000000000000e+00,0.000000000000000000e+00,4.990147286754061107e-02
2.200000000000000000e+01,5.543749999996150368e-01,9.770130993795796970e-01,2.849413886384130068e-01,7.150586113615869932e-01,0.000000000000000000e+00,5.078187617001548443e-02
2.300000000000000000e+01,5.543749999996150368e-01,1.027969075958478529e+00,0.000000000000000000e+00,1.000000000000000000e+00,0.000000000000000000e+00,5.095597657889873455e-02
2.400000000000000000e+01,5.543749999996150368e-01,1.067307429817135223e+00,0.000000000000000000e+00,1.000000000000000000e+00,0.000000000000000000e+00,3.933835385865677020e-02
2.500000000000000000e+01,5.543749999996150368e-01,1.117208902684675875e+00,0.000000000000000000e+00,1.000000000000000000e+00,0.000000000000000000e+00,4.990147286754061107e-02
2.600000000000000000e+01,5.543749999996150368e-01,1.168164879263574596e+00,0.000000000000000000e+00,1.000000000000000000e+00,1.000000000000000000e+00,5.095597657889873455e-02
2.700000000000000000e+01,5.775694444440433450e-01,1.218935851510233093e+00,2.697899838449111520e-01,7.302100161550888480e-01,0.000000000000000000e+00,5.077097224665848979e-02
2.800000000000000000e+01,5.775694444440433450e-01,1.269891828089131813e+00,0.000000000000000000e+00,1.000000000000000000e+00,0.000000000000000000e+00,5.095597657889873455e-02
2.900000000000000000e+01,5.775694444440433450e-01,1.303238135505518258e+00,0.000000000000000000e+00,1.000000000000000000e+00,0.000000000000000000e+00,3.334630741638633378e-02
3.000000000000000000e+01,5.775694444440433450e-01,1.342576489364174952e+00,0.000000000000000000e+00,1.000000000000000000e+00,0.000000000000000000e+00,3.933835385865677020e-02
3.100000000000000000e+01,5.775694444440433450e-01,1.393401950643020415e+00,0.000000000000000000e+00,1.000000000000000000e+00,0.000000000000000000e+00,5.082546127884540049e-02
3.200000000000000000e+01,5.775694444440433450e-01,1.426748258059406638e+00,0.000000000000000000e+00,1.000000000000000000e+00,0.000000000000000000e+00,3.334630741638633378e-02
3.300000000000000000e+01,5.775694444440433450e-01,1.477573719338252101e+00,0.000000000000000000e+00,1.000000000000000000e+00,0.000000000000000000e+00,5.082546127884540049e-02
3.400000000000000000e+01,5.775694444440433450e-01,1.528355595508267495e+00,0.000000000000000000e+00,1.000000000000000000e+00,0.000000000000000000e+00,5.078187617001548443e-02
3.500000000000000000e+01,5.775694444440433450e-01,1.560585841282071229e+00,0.000000000000000000e+00,1.000000000000000000e+00,0.000000000000000000e+00,3.223024577380364381e-02
3.600000000000000000e+01,5.775694444440433450e-01,1.609529212600846249e+00,0.000000000000000000e+00,1.000000000000000000e+00,0.000000000000000000e+00,4.894337131877496416e-02
3.700000000000000000e+01,5.775694444440433450e-01,1.649591359985782102e+00,0.000000000000000000e+00,1.000000000000000000e+00,0.000000000000000000e+00,4.006214738493585337e-02
3.800000000000000000e+01,5.775694444440433450e-01,1.682937667402168547e+00,0.000000000000000000e+00,1.000000000000000000e+00,0.000000000000000000e+00,3.334630741638633378e-02
3.900000000000000000e+01,5.775694444440433450e-01,1.733719543572183941e+00,0.000000000000000000e+00,1.000000000000000000e+00,0.000000000000000000e+00,5.078187617001548443e-02
4.000000000000000000e+01,5.775694444440433450e-01,1.765949789345987675e+00,0.000000000000000000e+00,1.000000000000000000e+00,0.000000000000000000e+00,3.223024577380364381e-02
4.100000000000000000e+01,5.775694444440433450e-01,1.805191800811320801e+00,0.000000000000000000e+00,1.000000000000000000e+00,0.000000000000000000e+00,3.924201146533308482e-02
4.200000000000000000e+01,5.775694444440433450e-01,1.837422046585124535e+00,0.000000000000000000e+00,1.000000000000000000e+00,0.000000000000000000e+00,3.223024577380364381e-02
4.300000000000000000e+01,5.775694444440433450e-01,1.887323519452665188e+00,0.000000000000000000e+00,1.000000000000000000e+00,0.000000000000000000e+00,4.990147286754061107e-02
4.400000000000000000e+01,5.775694444440433450e-01,1.919553765226468922e+00,0.000000000000000000e+00,1.000000000000000000e+00,0.000000000000000000e+00,3.223024577380364381e-02
4.500000000000000000e+01,5.775694444440433450e-01,1.970379226505314385e+00,0.000000000000000000e+00,1.000000000000000000e+00,0.000000000000000000e+00,5.082546127884540049e-02
4.600000000000000000e+01,5.775694444440433450e-01,2.021150198751972660e+00,0.000000000000000000e+00,1.000000000000000000e+00,0.000000000000000000e+00,5.077097224665848979e-02
4.700000000000000000e+01,5.775694444440433450e-01,2.071975660030818123e+00,0.000000000000000000e+00,1.000000000000000000e+00,0.000000000000000000e+00,5.082546127884540049e-02
4.800000000000000000e+01,5.775694444440433450e-01,2.112037807415753754e+00,0.000000000000000000e+00,1.000000000000000000e+00,0.000000000000000000e+00,4.006214738493585337e-02
4.900000000000000000e+01,5.775694444440433450e-01,2.162808779662412029e+00,0.000000000000000000e+00,1.000000000000000000e+00,0.000000000000000000e+00,5.077097224665848979e-02
5.000000000000000000e+01,5.775694444440433450e-01,2.211752150981186826e+00,0.000000000000000000e+00,1.000000000000000000e+00,0.000000000000000000e+00,4.894337131877496416e-02
5.100000000000000000e+01,5.775694444440433450e-01,2.251090504839843742e+00,0.000000000000000000e+00,1.000000000000000000e+00,0.000000000000000000e+00,3.933835385865677020e-02
5.200000000000000000e+01,5.775694444440433450e-01,2.300033876158618540e+00,0.000000000000000000e+00,1.000000000000000000e+00,0.000000000000000000e+00,4.894337131877496416e-02
5.300000000000000000e+01,5.775694444440433450e-01,2.350989852737517261e+00,0.000000000000000000e+00,1.000000000000000000e+00,0.000000000000000000e+00,5.095597657889873455e-02
5.400000000000000000e+01,5.775694444440433450e-01,2.390231864202850165e+00,0.000000000000000000e+00,1.000000000000000000e+00,0.000000000000000000e+00,3.924201146533308482e-02
5.500000000000000000e+01,5.775694444440433450e-01,2.440133337070390596e+00,0.000000000000000000e+00,1.000000000000000000e+00,0.000000000000000000e+00,4.990147286754061107e-02
5.600000000000000000e+01,5.775694444440433450e-01,2.479471690929047512e+00,0.000000000000000000e+00,1.000000000000000000e+00,0.000000000000000000e+00,3.933835385865677020e-02
5.700000000000000000e+01,5.775694444440433450e-01,2.519533838313983587e+00,0.000000000000000000e+00,1.000000000000000000e+00,0.000000000000000000e+00,4.006214738493585337e-02
5.800000000000000000e+01,5.775694444440433450e-01,2.551764084087787321e+00,0.000000000000000000e+00,1.000000000000000000e+00,0.000000000000000000e+00,3.223024577380364381e-02
5.900000000000000000e+01,5.775694444440433450e-01,2.591006095553120225e+00,0.000000000000000000e+00,1.000000000000000000e+00,0.000000000000000000e+00,3.924201146533308482e-02
6.000000000000000000e+01,5.775694444440433450e-01,2.631068242938056301e+00,0.000000000000000000e+00,1.000000000000000000e+00,0.000000000000000000e+00,4.006214738493585337e-02
6.100000000000000000e+01,5.775694444440433450e-01,2.670310254403389205e+00,0.000000000000000000e+00,1.000000000000000000e+00,0.000000000000000000e+00,3.924201146533308482e-02
6.200000000000000000e+01,5.775694444440433450e-01,2.702540500177192939e+00,0.000000000000000000e+00,1.000000000000000000e+00,0.000000000000000000e+00,3.223024577380364381e-02
6.300000000000000000e+01,5.775694444440433450e-01,2.753365961456038402e+00,0.000000000000000000e+00,1.000000000000000000e+00,0.000000000000000000e+00,5.082546127884540049e-02
6.400000000000000000e+01,5.775694444440433450e-01,2.791664365477021903e+00,0.000000000000000000e+00,1.000000000000000000e+00,0.000000000000000000e+00,3.829840402098341062e-02
6.500000000000000000e+01,5.775694444440433450e-01,2.842446241647037297e+00,0.000000000000000000e+00,1.000000000000000000e+00,0.000000000000000000e+00,5.078187617001548443e-02
6.600000000000000000e+01,5.775694444440433450e-01,2.893271702925882760e+00,0.000000000000000000e+00,1.000000000000000000e+00,0.000000000000000000e+00,5.082546127884540049e-02
6.700000000000000000e+01,5.775694444440433450e-01,2.943173175793423191e+00,0.000000000000000000e+00,1.000000000000000000e+00,0.000000000000000000e+00,4.990147286754061107e-02
6.800000000000000000e+01,5.775694444440433450e-01,2.976519483209809636e+00,0.000000000000000000e+00,1.000000000000000000e+00,0.000000000000000000e+00,3.334630741638633378e-02
6.900000000000000000e+01,5.775694444440433450e-01,3.008749728983613370e+00,0.000000000000000000e+00,1.000000000000000000e+00,0.000000000000000000e+00,3.223024577380364381e-02
7.000000000000000000e+01,5.775694444440433450e-01,3.057693100302388167e+00,0.000000000000000000e+00,1.000000000000000000e+00,0.000000000000000000e+00,4.894337131877496416e-02
7.100000000000000000e+01,5.775694444440433450e-01,3.108464072549046442e+00,0.000000000000000000e+00,1.000000000000000000e+00,0.000000000000000000e+00,5.077097224665848979e-02
7.200000000000000000e+01,5.775694444440433450e-01,3.147706084014379346e+00,0.000000000000000000e+00,1.000000000000000000e+00,0.000000000000000000e+00,3.924201146533308482e-02
7.300000000000000000e+01,5.775694444440433450e-01,3.198487960184394741e+00,0.000000000000000000e+00,1.000000000000000000e+00,0.000000000000000000e+00,5.078187617001548443e-02
7.400000000000000000e+01,5.775694444440433450e-01,3.231834267600781185e+00,0.000000000000000000e+00,1.000000000000000000e+00,0.000000000000000000e+00,3.334630741638633378e-02
7.500000000000000000e+01,5.775694444440433450e-01,3.282605239847439460e+00,0.000000000000000000e+00,1.000000000000000000e+00,0.000000000000000000e+00,5.077097224665848979e-02
7.600000000000000000e+01,5.775694444440433450e-01,3.331548611166214258e+00,0.000000000000000000e+00,1.000000000000000000e+00,0.000000000000000000e+00,4.894337131877496416e-02
7.700000000000000000e+01,5.775694444440433450e-01,3.370790622631547162e+00,0.000000000000000000e+00,1.000000000000000000e+00,0.000000000000000000e+00,3.924201146533308482e-02
7.800000000000000000e+01,5.775694444440433450e-01,3.410852770016482793e+00,0.000000000000000000e+00,1.000000000000000000e+00,0.000000000000000000e+00,4.006214738493585337e-02
7.900000000000000000e+01,5.775694444440433450e-01,3.443083015790286527e+00,0.000000000000000000e+00,1.000000000000000000e+00,0.000000000000000000e+00,3.223024577380364381e-02
8.000000000000000000e+01,5.775694444440433450e-01,3.492026387109061325e+00,0.000000000000000000e+00,1.000000000000000000e+00,0.000000000000000000e+00,4.894337131877496416e-02
8.100000000000000000e+01,5.775694444440433450e-01,3.531364740967718241e+00,0.000000000000000000e+00,1.000000000000000000e+00,0.000000000000000000e+00,3.933835385865677020e-02
8.200000000000000000e+01,5.775694444440433450e-01,3.564711048384104686e+00,0.000000000000000000e+00,1.000000000000000000e+00,0.000000000000000000e+00,3.334630741638633378e-02
8.300000000000000000e+01,5.775694444440433450e-01,3.615492924554120080e+00,0.000000000000000000e+00,1.000000000000000000e+00,0.000000000000000000e+00,5.078187617001548443e-02
8.400000000000000000e+01,5.775694444440433450e-01,3.666448901133018801e+00,0.000000000000000000e+00,1.000000000000000000e+00,0.000000000000000000e+00,5.095597657889873455e-02
8.500000000000000000e+01,5.775694444440433450e-01,3.717230777303034195e+00,0.000000000000000000e+00,1.000000000000000000e+00,0.000000000000000000e+00,5.078187617001548443e-02
8.600000000000000000e+01,5.775694444440433450e-01,3.768056238581879658e+00,0.000000000000000000e+00,1.000000000000000000e+00,0.000000000000000000e+00,5.082546127884540049e-02
8.700000000000000000e+01,5.775694444440433450e-01,3.819012215160778378e+00,0.000000000000000000e+00,1.000000000000000000e+00,0.000000000000000000e+00,5.095597657889873455e-02
8.800000000000000000e+01,5.775694444440433450e-01,3.869837676439623841e+00,0.000000000000000000e+00,1.000000000000000000e+00,0.000000000000000000e+00,5.082546127884540049e-02
8.900000000000000000e+01,5.775694444440433450e-01,3.920608648686282116e+00,0.000000000000000000e+00,1.000000000000000000e+00,0.000000000000000000e+00,5.077097224665848979e-02
9.000000000000000000e+01,5.775694444440433450e-01,3.952838894460085850e+00,0.000000000000000000e+00,1.000000000000000000e+00,0.000000000000000000e+00,3.223024577380364381e-02
9.100000000000000000e+01,5.775694444440433450e-01,4.003794871038985015e+00,0.000000000000000000e+00,1.000000000000000000e+00,0.000000000000000000e+00,5.095597657889873455e-02
9.200000000000000000e+01,5.775694444440433450e-01,4.043036882504318363e+00,0.000000000000000000e+00,1.000000000000000000e+00,0.000000000000000000e+00,3.924201146533308482e-02
9.300000000000000000e+01,5.775694444440433450e-01,4.081335286525301420e+00,0.000000000000000000e+00,1.000000000000000000e+00,0.000000000000000000e+00,3.829840402098341062e-02
9.400000000000000000e+01,5.775694444440433450e-01,4.131236759392842295e+00,0.000000000000000000e+00,1.000000000000000000e+00,0.000000000000000000e+00,4.990147286754061107e-02
9.500000000000000000e+01,5.775694444440433450e-01,4.169535163413825352e+00,0.000000000000000000e+00,1.000000000000000000e+00,0.000000000000000000e+00,3.829840402098341062e-02
9.600000000000000000e+01,5.775694444440433450e-01,4.220306135660483626e+00,0.000000000000000000e+00,1.000000000000000000e+00,0.000000000000000000e+00,5.077097224665848979e-02
9.700000000000000000e+01,5.775694444440433450e-01,4.253652443076870071e+00,0.000000000000000000e+00,1.000000000000000000e+00,0.000000000000000000e+00,3.334630741638633378e-02
9.800000000000000000e+01,5.775694444440433450e-01,4.291950847097853128e+00,0.000000000000000000e+00,1.000000000000000000e+00,0.000000000000000000e+00,3.829840402098341062e-02
9.900000000000000000e+01,5.775694444440433450e-01,4.325297154514239573e+00,0.000000000000000000e+00,1.000000000000000000e+00,0.000000000000000000e+00,3.334630741638633378e-02
1.000000000000000000e+02,5.775694444440433450e-01,4.364635508372896489e+00,0.000000000000000000e+00,1.000000000000000000e+00,0.000000000000000000e+00,3.933835385865677020e-02
1.010000000000000000e+02,5.775694444440433450e-01,4.402933912393879545e+00,0.000000000000000000e+00,1.000000000000000000e+00,0.000000000000000000e+00,3.829840402098341062e-02
1.020000000000000000e+02,5.775694444440433450e-01,4.453889888972778266e+00,0.000000000000000000e+00,1.000000000000000000e+00,0.000000000000000000e+00,5.095597657889873455e-02
1.030000000000000000e+02,5.775694444440433450e-01,4.504715350251623285e+00,0.000000000000000000e+00,1.000000000000000000e+00,0.000000000000000000e+00,5.082546127884540049e-02
1.040000000000000000e+02,5.775694444440433450e-01,4.554616823119164160e+00,0.000000000000000000e+00,1.000000000000000000e+00,0.000000000000000000e+00,4.990147286754061107e-02
1.050000000000000000e+02,5.775694444440433450e-01,4.593955176977821075e+00,0.000000000000000000e+00,1.000000000000000000e+00,0.000000000000000000e+00,3.933835385865677020e-02
1.060000000000000000e+02,5.775694444440433450e-01,4.644780638256666094e+00,0.000000000000000000e+00,1.000000000000000000e+00,0.000000000000000000e+00,5.082546127884540049e-02
1.070000000000000000e+02,5.775694444440433450e-01,4.684842785641602170e+00,0.000000000000000000e+00,1.000000000000000000e+00,0.000000000000000000e+00,4.006214738493585337e-02
1.080000000000000000e+02,5.775694444440433450e-01,4.718189093057988615e+00,0.000000000000000000e+00,1.000000000000000000e+00,0.000000000000000000e+00,3.334630741638633378e-02
1.090000000000000000e+02,5.775694444440433450e-01,4.768090565925529489e+00,0.000000000000000000e+00,1.000000000000000000e+00,0.000000000000000000e+00,4.990147286754061107e-02
1.100000000000000000e+02,5.775694444440433450e-01,4.806388969946512546e+00,0.000000000000000000e+00,1.000000000000000000e+00,0.000000000000000000e+00,3.829840402098341062e-02
1.110000000000000000e+02,5.775694444440433450e-01,4.857170846116527940e+00,0.000000000000000000e+00,1.000000000000000000e+00,0.000000000000000000e+00,5.078187617001548443e-02
1.120000000000000000e+02,5.775694444440433450e-01,4.890517153532914385e+00,0.000000000000000000e+00,1.000000000000000000e+00,0.000000000000000000e+00,3.334630741638633378e-02
1.130000000000000000e+02,5.775694444440433450e-01,4.922747399306717675e+00,0.000000000000000000e+00,1.000000000000000000e+00,0.000000000000000000e+00,3.223024577380364381e-02
1.140000000000000000e+02,5.775694444440433450e-01,4.972648872174258550e+00,0.000000000000000000e+00,1.000000000000000000e+00,0.000000000000000000e+00,4.990147286754061107e-02
1.150000000000000000e+02,5.775694444440433450e-01,5.012711019559194625e+00,0.000000000000000000e+00,1.000000000000000000e+00,0.000000000000000000e+00,4.006214738493585337e-02
1.160000000000000000e+02,5.775694444440433450e-01,5.063666996138093346e+00,0.000000000000000000e+00,1.000000000000000000e+00,0.000000000000000000e+00,5.095597657889873455e-02
1.170000000000000000e+02,5.775694444440433450e-01,5.102909007603426694e+00,0.000000000000000000e+00,1.000000000000000000e+00,0.000000000000000000e+00,3.924201146533308482e-02
1.180000000000000000e+02,5.775694444440433450e-01,5.153864984182325415e+00,0.000000000000000000e+00,1.000000000000000000e+00,0.000000000000000000e+00,5.095597657889873455e-02
1.190000000000000000e+02,5.775694444440433450e-01,5.202808355501100657e+00,0.000000000000000000e+00,1.000000000000000000e+00,0.000000000000000000e+00,4.894337131877496416e-02
1.200000000000000000e+02,5.775694444440433450e-01,5.252709828368641531e+00,0.000000000000000000e+00,1.000000000000000000e+00,0.000000000000000000e+00,4.990147286754061107e-02
1.210000000000000000e+02,5.775694444440433450e-01,5.291951839833974880e+00,0.000000000000000000e+00,1.000000000000000000e+00,0.000000000000000000e+00,3.924201146533308482e-02
1.220000000000000000e+02,5.775694444440433450e-01,5.341853312701515755e+00,0.000000000000000000e+00,1.000000000000000000e+00,0.000000000000000000e+00,4.990147286754061107e-02
1.230000000000000000e+02,5.775694444440433450e-01,5.392678773980360774e+00,0.000000000000000000e+00,1.000000000000000000e+00,0.000000000000000000e+00,5.082546127884540049e-02
1.240000000000000000e+02,5.775694444440433450e-01,5.424909019754164063e+00,0.000000000000000000e+00,1.000000000000000000e+00,0.000000000000000000e+00,3.223024577380364381e-02
1.250000000000000000e+02,5.775694444440433450e-01,5.464971167139100139e+00,0.000000000000000000e+00,1.000000000000000000e+00,0.000000000000000000e+00,4.006214738493585337e-02
1.260000000000000000e+02,5.775694444440433450e-01,5.515753043309115533e+00,0.000000000000000000e+00,1.000000000000000000e+00,0.000000000000000000e+00,5.078187617001548443e-02
1.270000000000000000e+02,5.775694444440433450e-01,5.565654516176656408e+00,0.000000000000000000e+00,1.000000000000000000e+00,0.000000000000000000e+00,4.990147286754061107e-02
1.280000000000000000e+02,5.775694444440433450e-01,5.616436392346671802e+00,0.000000000000000000e+00,1.000000000000000000e+00,0.000000000000000000e+00,5.078187617001548443e-02
1.290000000000000000e+02,5.775694444440433450e-01,5.655678403812005151e+00,0.000000000000000000e+00,1.000000000000000000e+00,0.000000000000000000e+00,3.924201146533308482e-02
1.300000000000000000e+02,5.775694444440433450e-01,5.695740551196941226e+00,0.000000000000000000e+00,1.000000000000000000e+00,0.000000000000000000e+00,4.006214738493585337e-02
1.310000000000000000e+02,5.775694444440433450e-01,5.735078905055598142e+00,0.000000000000000000e+00,1.000000000000000000e+00,0.000000000000000000e+00,3.933835385865677020e-02
1.320000000000000000e+02,5.775694444440433450e-01,5.768425212471984587e+00,0.000000000000000000e+00,1.000000000000000000e+00,0.000000000000000000e+00,3.334630741638633378e-02
1.330000000000000000e+02,5.775694444440433450e-01,5.806723616492967643e+00,0.000000000000000000e+00,1.000000000000000000e+00,0.000000000000000000e+00,3.829840402098341062e-02
1.340000000000000000e+02,5.775694444440433450e-01,5.840069923909354088e+00,0.000000000000000000e+00,1.000000000000000000e+00,0.000000000000000000e+00,3.334630741638633378e-02
1.350000000000000000e+02,5.775694444440433450e-01,5.890895385188199107e+00,0.000000000000000000e+00,1.000000000000000000e+00,0.000000000000000000e+00,5.082546127884540049e-02
1.360000000000000000e+02,5.775694444440433450e-01,5.923125630962002397e+00,0.000000000000000000e+00,1.000000000000000000e+00,0.000000000000000000e+00,3.223024577380364381e-02
1.370000000000000000e+02,5.775694444440433450e-01,5.961424034982985454e+00,0.000000000000000000e+00,1.000000000000000000e+00,0.000000000000000000e+00,3.829840402098341062e-02
1.380000000000000000e+02,5.775694444440433450e-01,6.000762388841642370e+00,0.000000000000000000e+00,1.000000000000000000e+00,0.000000000000000000e+00,3.933835385865677020e-02
1.390000000000000000e+02,5.775694444440433450e-01,6.039060792862625426e+00,0.000000000000000000e+00,1.000000000000000000e+00,0.000000000000000000e+00,3.829840402098341062e-02
1.400000000000000000e+02,5.775694444440433450e-01,6.088004164181400668e+00,0.000000000000000000e+00,1.000000000000000000e+00,0.000000000000000000e+00,4.894337131877496416e-02
1.410000000000000000e+02,5.775694444440433450e-01,6.138775136428058943e+00,0.000000000000000000e+00,1.000000000000000000e+00,0.000000000000000000e+00,5.077097224665848979e-02
1.420000000000000000e+02,5.775694444440433450e-01,6.189731113006957663e+00,0.000000000000000000e+00,1.000000000000000000e+00,0.000000000000000000e+00,5.095597657889873455e-02
1.430000000000000000e+02,5.775694444440433450e-01,6.223077420423344108e+00,0.000000000000000000e+00,1.000000000000000000e+00,0.000000000000000000e+00,3.334630741638633378e-02
1.440000000000000000e+02,5.775694444440433450e-01,6.262319431888677457e+00,0.000000000000000000e+00,1.000000000000000000e+00,0.000000000000000000e+00,3.924201146533308482e-02
1.450000000000000000e+02,5.775694444440433450e-01,6.313144893167522476e+00,0.000000000000000000e+00,1.000000000000000000e+00,0.000000000000000000e+00,5.082546127884540049e-02
1.460000000000000000e+02,5.775694444440433450e-01,6.364100869746421196e+00,0.000000000000000000e+00,1.000000000000000000e+00,0.000000000000000000e+00,5.095597657889873455e-02
1.470000000000000000e+02,5.775694444440433450e-01,6.404163017131357272e+00,0.000000000000000000e+00,1.000000000000000000e+00,0.000000000000000000e+00,4.006214738493585337e-02
1.480000000000000000e+02,5.775694444440433450e-01,6.443501370990014188e+00,0.000000000000000000e+00,1.000000000000000000e+00,0.000000000000000000e+00,3.933835385865677020e-02
1.490000000000000000e+02,5.775694444440433450e-01,6.483563518374950263e+00,0.000000000000000000e+00,1.000000000000000000e+00,0.000000000000000000e+00,4.006214738493585337e-02
1.500000000000000000e+02,5.775694444440433450e-01,6.521861922395933320e+00,0.000000000000000000e+00,1.000000000000000000e+00,0.000000000000000000e+00,3.829840402098341062e-02
1.510000000000000000e+02,5.775694444440433450e-01,6.572817898974832040e+00,0.000000000000000000e+00,1.000000000000000000e+00,0.000000000000000000e+00,5.095597657889873455e-02
1.520000000000000000e+02,5.775694444440433450e-01,6.623588871221490315e+00,0.000000000000000000e+00,1.000000000000000000e+00,0.000000000000000000e+00,5.077097224665848979e-02
1.530000000000000000e+02,5.775694444440433450e-01,6.662927225080147231e+00,0.000000000000000000e+00,1.000000000000000000e+00,0.000000000000000000e+00,3.933835385865677020e-02
1.540000000000000000e+02,5.775694444440433450e-01,6.701225629101130288e+00,0.000000000000000000e+00,1.000000000000000000e+00,0.000000000000000000e+00,3.829840402098341062e-02
1.550000000000000000e+02,5.775694444440433450e-01,6.752007505271145682e+00,0.000000000000000000e+00,1.000000000000000000e+00,0.000000000000000000e+00,5.078187617001548443e-02
1.560000000000000000e+02,5.775694444440433450e-01,6.791345859129802598e+00,0.000000000000000000e+00,1.000000000000000000e+00,0.000000000000000000e+00,3.933835385865677020e-02
1.570000000000000000e+02,5.775694444440433450e-01,6.842301835708701319e+00,0.000000000000000000e+00,1.000000000000000000e+00,0.000000000000000000e+00,5.095597657889873455e-02
1.580000000000000000e+02,5.775694444440433450e-01,6.881543847174034667e+00,0.000000000000000000e+00,1.000000000000000000e+00,0.000000000000000000e+00,3.924201146533308482e-02
1.590000000000000000e+02,5.775694444440433450e-01,6.932325723344050061e+00,0.000000000000000000e+00,1.000000000000000000e+00,0.000000000000000000e+00,5.078187617001548443e-02
1.600000000000000000e+02,5.775694444440433450e-01,6.970624127365033118e+00,0.000000000000000000e+00,1.000000000000000000e+00,0.000000000000000000e+00,3.829840402098341062e-02
1.610000000000000000e+02,5.775694444440433450e-01,7.021580103943931839e+00,0.000000000000000000e+00,1.000000000000000000e+00,0.000000000000000000e+00,5.095597657889873455e-02
1.620000000000000000e+02,5.775694444440433450e-01,7.072405565222776858e+00,0.000000000000000000e+00,1.000000000000000000e+00,0.000000000000000000e+00,5.082546127884540049e-02
1.630000000000000000e+02,5.775694444440433450e-01,7.121348936541552099e+00,0.000000000000000000e+00,1.000000000000000000e+00,0.000000000000000000e+00,4.894337131877496416e-02
1.640000000000000000e+02,5.775694444440433450e-01,7.172304913120450820e+00,0.000000000000000000e+00,1.000000000000000000e+00,0.000000000000000000e+00,5.095597657889873455e-02
1.650000000000000000e+02,5.775694444440433450e-01,7.204535158894254110e+00,0.000000000000000000e+00,1.000000000000000000e+00,0.000000000000000000e+00,3.223024577380364381e-02
1.660000000000000000e+02,5.775694444440433450e-01,7.243777170359587458e+00,0.000000000000000000e+00,1.000000000000000000e+00,0.000000000000000000e+00,3.924201146533308482e-02
1.670000000000000000e+02,5.775694444440433450e-01,7.294548142606245733e+00,0.000000000000000000e+00,1.000000000000000000e+00,0.000000000000000000e+00,5.077097224665848979e-02
1.680000000000000000e+02,5.775694444440433450e-01,7.333886496464902649e+00,0.000000000000000000e+00,1.000000000000000000e+00,0.000000000000000000e+00,3.933835385865677020e-02
1.690000000000000000e+02,5.775694444440433450e-01,7.382829867783677891e+00,0.000000000000000000e+00,1.000000000000000000e+00,0.000000000000000000e+00,4.894337131877496416e-02
1.700000000000000000e+02,5.775694444440433450e-01,7.421128271804660947e+00,0.000000000000000000e+00,1.000000000000000000e+00,0.000000000000000000e+00,3.829840402098341062e-02
1.710000000000000000e+02,5.775694444440433450e-01,7.470071643123436189e+00,0.000000000000000000e+00,1.000000000000000000e+00,0.000000000000000000e+00,4.894337131877496416e-02
1.720000000000000000e+02,5.775694444440433450e-01,7.509313654588769538e+00,0.000000000000000000e+00,1.000000000000000000e+00,0.000000000000000000e+00,3.924201146533308482e-02
1.730000000000000000e+02,5.775694444440433450e-01,7.548652008447426454e+00,0.000000000000000000e+00,1.000000000000000000e+00,0.000000000000000000e+00,3.933835385865677020e-02
1.740000000000000000e+02,5.775694444440433450e-01,7.586950412468409510e+00,0.000000000000000000e+00,1.000000000000000000e+00,0.000000000000000000e+00,3.829840402098341062e-02
1.750000000000000000e+02,5.775694444440433450e-01,7.619180658242212800e+00,0.000000000000000000e+00,1.000000000000000000e+00,0.000000000000000000e+00,3.223024577380364381e-02
1.760000000000000000e+02,5.775694444440433450e-01,7.668124029560988042e+00,0.000000000000000000e+00,1.000000000000000000e+00,0.000000000000000000e+00,4.894337131877496416e-02
1.770000000000000000e+02,5.775694444440433450e-01,7.707462383419644958e+00,0.000000000000000000e+00,1.000000000000000000e+00,0.000000000000000000e+00,3.933835385865677020e-02
1.780000000000000000e+02,5.775694444440433450e-01,7.757363856287185833e+00,0.000000000000000000e+00,1.000000000000000000e+00,0.000000000000000000e+00,4.990147286754061107e-02
1.790000000000000000e+02,5.775694444440433450e-01,7.796605867752519181e+00,0.000000000000000000e+00,1.000000000000000000e+00,0.000000000000000000e+00,3.924201146533308482e-02
1.800000000000000000e+02,5.775694444440433450e-01,7.846507340620060056e+00,0.000000000000000000e+00,1.000000000000000000e+00,0.000000000000000000e+00,4.990147286754061107e-02
1.810000000000000000e+02,5.775694444440433450e-01,7.895450711938835298e+00,0.000000000000000000e+00,1.000000000000000000e+00,0.000000000000000000e+00,4.894337131877496416e-02
1.820000000000000000e+02,5.775694444440433450e-01,7.934789065797492214e+00,0.000000000000000000e+00,1.000000000000000000e+00,0.000000000000000000e+00,3.933835385865677020e-02
1.830000000000000000e+02,5.775694444440433450e-01,7.967019311571295503e+00,0.000000000000000000e+00,1.000000000000000000e+00,0.000000000000000000e+00,3.223024577380364381e-02
1.840000000000000000e+02,5.775694444440433450e-01,8.000365618987681060e+00,0.000000000000000000e+00,1.000000000000000000e+00,0.000000000000000000e+00,3.334630741638633378e-02
1.850000000000000000e+02,5.775694444440433450e-01,8.040427766372616247e+00,0.000000000000000000e+00,1.000000000000000000e+00,0.000000000000000000e+00,4.006214738493585337e-02
1.860000000000000000e+02,5.775694444440433450e-01,8.079669777837949596e+00,0.000000000000000000e+00,1.000000000000000000e+00,0.000000000000000000e+00,3.924201146533308482e-02
1.870000000000000000e+02,5.775694444440433450e-01,8.130495239116795503e+00,0.000000000000000000e+00,1.000000000000000000e+00,0.000000000000000000e+00,5.082546127884540049e-02
1.880000000000000000e+02,5.775694444440433450e-01,8.179438610435569856e+00,0.000000000000000000e+00,1.000000000000000000e+00,0.000000000000000000e+00,4.894337131877496416e-02
1.890000000000000000e+02,5.775694444440433450e-01,8.217737014456552913e+00,0.000000000000000000e+00,1.000000000000000000e+00,0.000000000000000000e+00,3.829840402098341062e-02
1.900000000000000000e+02,5.775694444440433450e-01,8.257075368315209829e+00,0.000000000000000000e+00,1.000000000000000000e+00,0.000000000000000000e+00,3.933835385865677020e-02
1.910000000000000000e+02,5.775694444440433450e-01,8.307846340561868104e+00,0.000000000000000000e+00,1.000000000000000000e+00,0.000000000000000000e+00,5.077097224665848979e-02
1.920000000000000000e+02,5.775694444440433450e-01,8.356789711880642457e+00,0.000000000000000000e+00,1.000000000000000000e+00,0.000000000000000000e+00,4.894337131877496416e-02
1.930000000000000000e+02,5.775694444440433450e-01,8.395088115901625514e+00,0.000000000000000000e+00,1.000000000000000000e+00,0.000000000000000000e+00,3.829840402098341062e-02
1.940000000000000000e+02,5.775694444440433450e-01,8.434426469760282430e+00,0.000000000000000000e+00,1.000000000000000000e+00,0.000000000000000000e+00,3.933835385865677020e-02
1.950000000000000000e+02,5.775694444440433450e-01,8.485197442006940705e+00,0.000000000000000000e+00,1.000000000000000000e+00,0.000000000000000000e+00,5.077097224665848979e-02
1.960000000000000000e+02,5.775694444440433450e-01,8.518543749423326261e+00,0.000000000000000000e+00,1.000000000000000000e+00,0.000000000000000000e+00,3.334630741638633378e-02
1.970000000000000000e+02,5.775694444440433450e-01,8.558605896808261448e+00,0.000000000000000000e+00,1.000000000000000000e+00,0.000000000000000000e+00,4.006214738493585337e-02
1.980000000000000000e+02,5.775694444440433450e-01,8.609431358087107355e+00,0.000000000000000000e+00,1.000000000000000000e+00,0.000000000000000000e+00,5.082546127884540049e-02
1.990000000000000000e+02,5.775694444440433450e-01,8.658374729405881709e+00,0.000000000000000000e+00,1.000000000000000000e+00,0.000000000000000000e+00,4.894337131877496416e-02
2.000000000000000000e+02,5.775694444440433450e-01,8.697713083264538625e+00,0.000000000000000000e+00,1.000000000000000000e+00,0.000000000000000000e+00,3.933835385865677020e-02
2.010000000000000000e+02,5.775694444440433450e-01,8.736011487285521682e+00,0.000000000000000000e+00,1.000000000000000000e+00,0.000000000000000000e+00,3.829840402098341062e-02
2.020000000000000000e+02,5.775694444440433450e-01,8.786836948564367589e+00,0.000000000000000000e+00,1.000000000000000000e+00,0.000000000000000000e+00,5.082546127884540049e-02
2.030000000000000000e+02,5.775694444440433450e-01,8.837792925143267198e+00,0.000000000000000000e+00,1.000000000000000000e+00,0.000000000000000000e+00,5.095597657889873455e-02
2.040000000000000000e+02,5.775694444440433450e-01,8.888574801313282592e+00,0.000000000000000000e+00,1.000000000000000000e+00,0.000000000000000000e+00,5.078187617001548443e-02
2.050000000000000000e+02,5.775694444440433450e-01,8.928636948698217779e+00,0.000000000000000000e+00,1.000000000000000000e+00,0.000000000000000000e+00,4.006214738493585337e-02
2.060000000000000000e+02,5.775694444440433450e-01,8.960867194472021069e+00,0.000000000000000000e+00,1.000000000000000000e+00,0.000000000000000000e+00,3.223024577380364381e-02
2.070000000000000000e+02,5.775694444440433450e-01,8.994213501888406626e+00,0.000000000000000000e+00,1.000000000000000000e+00,0.000000000000000000e+00,3.334630741638633378e-02
2.080000000000000000e+02,5.775694444440433450e-01,9.045038963167252533e+00,0.000000000000000000e+00,1.000000000000000000e+00,0.000000000000000000e+00,5.082546127884540049e-02
2.090000000000000000e+02,5.775694444440433450e-01,9.083337367188235589e+00,0.000000000000000000e+00,1.000000000000000000e+00,0.000000000000000000e+00,3.829840402098341062e-02
2.100000000000000000e+02,5.775694444440433450e-01,9.134162828467081496e+00,0.000000000000000000e+00,1.000000000000000000e+00,0.000000000000000000e+00,5.082546127884540049e-02
2.110000000000000000e+02,5.775694444440433450e-01,9.183106199785855850e+00,0.000000000000000000e+00,1.000000000000000000e+00,0.000000000000000000e+00,4.894337131877496416e-02
2.120000000000000000e+02,5.775694444440433450e-01,9.216452507202241407e+00,0.000000000000000000e+00,1.000000000000000000e+00,0.000000000000000000e+00,3.334630741638633378e-02
2.130000000000000000e+02,5.775694444440433450e-01,9.256514654587176594e+00,0.000000000000000000e+00,1.000000000000000000e+00,0.000000000000000000e+00,4.006214738493585337e-02
2.140000000000000000e+02,5.775694444440433450e-01,9.307296530757191988e+00,0.000000000000000000e+00,1.000000000000000000e+00,0.000000000000000000e+00,5.078187617001548443e-02
2.150000000000000000e+02,5.775694444440433450e-01,9.358067503003850263e+00,0.000000000000000000e+00,1.000000000000000000e+00,0.000000000000000000e+00,5.077097224665848979e-02
2.160000000000000000e+02,5.775694444440433450e-01,9.397405856862507179e+00,0.000000000000000000e+00,1.000000000000000000e+00,0.000000000000000000e+00,3.933835385865677020e-02
2.170000000000000000e+02,5.775694444440433450e-01,9.447307329730048053e+00,0.000000000000000000e+00,1.000000000000000000e+00,0.000000000000000000e+00,4.990147286754061107e-02
2.180000000000000000e+02,5.775694444440433450e-01,9.496250701048822407e+00,0.000000000000000000e+00,1.000000000000000000e+00,0.000000000000000000e+00,4.894337131877496416e-02
2.190000000000000000e+02,5.775694444440433450e-01,9.546152173916363282e+00,0.000000000000000000e+00,1.000000000000000000e+00,0.000000000000000000e+00,4.990147286754061107e-02
2.200000000000000000e+02,5.775694444440433450e-01,9.586214321301298469e+00,0.000000000000000000e+00,1.000000000000000000e+00,0.000000000000000000e+00,4.006214738493585337e-02
2.210000000000000000e+02,5.775694444440433450e-01,9.625456332766631817e+00,0.000000000000000000e+00,1.000000000000000000e+00,0.000000000000000000e+00,3.924201146533308482e-02
2.220000000000000000e+02,5.775694444440433450e-01,9.663754736787614874e+00,0.000000000000000000e+00,1.000000000000000000e+00,0.000000000000000000e+00,3.829840402098341062e-02
2.230000000000000000e+02,5.775694444440433450e-01,9.703816884172550061e+00,0.000000000000000000e+00,1.000000000000000000e+00,0.000000000000000000e+00,4.006214738493585337e-02
2.240000000000000000e+02,5.775694444440433450e-01,9.736047129946353351e+00,0.000000000000000000e+00,1.000000000000000000e+00,0.000000000000000000e+00,3.223024577380364381e-02
2.250000000000000000e+02,5.775694444440433450e-01,9.775385483805010267e+00,0.000000000000000000e+00,1.000000000000000000e+00,0.000000000000000000e+00,3.933835385865677020e-02
2.260000000000000000e+02,5.775694444440433450e-01,9.814627495270343616e+00,0.000000000000000000e+00,1.000000000000000000e+00,0.000000000000000000e+00,3.924201146533308482e-02
2.270000000000000000e+02,5.775694444440433450e-01,9.865398467517001890e+00,0.000000000000000000e+00,1.000000000000000000e+00,0.000000000000000000e+00,5.077097224665848979e-02
2.280000000000000000e+02,5.775694444440433450e-01,9.897628713290805180e+00,0.000000000000000000e+00,1.000000000000000000e+00,0.000000000000000000e+00,3.223024577380364381e-02
2.290000000000000000e+02,5.775694444440433450e-01,9.946572084609579534e+00,0.000000000000000000e+00,1.000000000000000000e+00,0.000000000000000000e+00,4.894337131877496416e-02
2.300000000000000000e+02,5.775694444440433450e-01,9.997397545888425441e+00,0.000000000000000000e+00,1.000000000000000000e+00,0.000000000000000000e+00,5.082546127884540049e-02
2.310000000000000000e+02,5.775694444440433450e-01,1.003663955735375879e+01,0.000000000000000000e+00,1.000000000000000000e+00,0.000000000000000000e+00,3.924201146533308482e-02
2.320000000000000000e+02,5.775694444440433450e-01,1.006998586477014435e+01,0.000000000000000000e+00,1.000000000000000000e+00,0.000000000000000000e+00,3.334630741638633378e-02
2.330000000000000000e+02,5.775694444440433450e-01,1.010922787623547769e+01,0.000000000000000000e+00,1.000000000000000000e+00,0.000000000000000000e+00,3.924201146533308482e-02
2.340000000000000000e+02,5.775694444440433450e-01,1.014145812200928098e+01,0.000000000000000000e+00,1.000000000000000000e+00,0.000000000000000000e+00,3.223024577380364381e-02
2.350000000000000000e+02,5.775694444440433450e-01,1.017480442942566654e+01,0.000000000000000000e+00,1.000000000000000000e+00,0.000000000000000000e+00,3.334630741638633378e-02
2.360000000000000000e+02,5.775694444440433450e-01,1.022374780074444089e+01,0.000000000000000000e+00,1.000000000000000000e+00,0.000000000000000000e+00,4.894337131877496416e-02
2.370000000000000000e+02,5.775694444440433450e-01,1.027452967691445629e+01,0.000000000000000000e+00,1.000000000000000000e+00,0.000000000000000000e+00,5.078187617001548443e-02
2.380000000000000000e+02,5.775694444440433450e-01,1.031459182429939148e+01,0.000000000000000000e+00,1.000000000000000000e+00,1.000000000000000000e+00,4.006214738493585337e-02
2.390000000000000000e+02,5.775694444440433450e-01,1.035393017815804839e+01,0.000000000000000000e+00,1.000000000000000000e+00,0.000000000000000000e+00,3.933835385865677020e-02
2.400000000000000000e+02,5.775694444440433450e-01,1.038727648557443395e+01,0.000000000000000000e+00,1.000000000000000000e+00,0.000000000000000000e+00,3.334630741638633378e-02
2.410000000000000000e+02,5.775694444440433450e-01,1.042733863295936914e+01,0.000000000000000000e+00,1.000000000000000000e+00,0.000000000000000000e+00,4.006214738493585337e-02
2.420000000000000000e+02,5.775694444440433450e-01,1.046068494037575469e+01,0.000000000000000000e+00,1.000000000000000000e+00,0.000000000000000000e+00,3.334630741638633378e-02
2.430000000000000000e+02,5.775694444440433450e-01,1.050002329423441161e+01,0.000000000000000000e+00,1.000000000000000000e+00,0.000000000000000000e+00,3.933835385865677020e-02
2.440000000000000000e+02,5.775694444440433450e-01,1.054896666555318596e+01,0.000000000000000000e+00,1.000000000000000000e+00,0.000000000000000000e+00,4.894337131877496416e-02
2.450000000000000000e+02,5.775694444440433450e-01,1.059979212683203187e+01,0.000000000000000000e+00,1.000000000000000000e+00,0.000000000000000000e+00,5.082546127884540049e-02
2.460000000000000000e+02,5.775694444440433450e-01,1.063202237260583516e+01,0.000000000000000000e+00,1.000000000000000000e+00,0.000000000000000000e+00,3.223024577380364381e-02
2.470000000000000000e+02,5.775694444440433450e-01,1.068280424877585055e+01,0.000000000000000000e+00,1.000000000000000000e+00,0.000000000000000000e+00,5.078187617001548443e-02
2.480000000000000000e+02,5.775694444440433450e-01,1.073270572164339143e+01,0.000000000000000000e+00,1.000000000000000000e+00,1.000000000000000000e+00,4.990147286754061107e-02
2.490000000000000000e+02,5.775694444440433450e-01,1.078164909296216578e+01,0.000000000000000000e+00,1.000000000000000000e+00,0.000000000000000000e+00,4.894337131877496416e-02
2.500000000000000000e+02,5.775694444440433450e-01,1.083155056582970666e+01,0.000000000000000000e+00,1.000000000000000000e+00,0.000000000000000000e+00,4.990147286754061107e-02
2.510000000000000000e+02,5.775694444440433450e-01,1.086489687324609221e+01,0.000000000000000000e+00,1.000000000000000000e+00,0.000000000000000000e+00,3.334630741638633378e-02
2.520000000000000000e+02,5.775694444440433450e-01,1.090319527726707527e+01,0.000000000000000000e+00,1.000000000000000000e+00,0.000000000000000000e+00,3.829840402098341062e-02
2.530000000000000000e+02,5.775694444440433450e-01,1.095309675013461614e+01,0.000000000000000000e+00,1.000000000000000000e+00,0.000000000000000000e+00,4.990147286754061107e-02
2.540000000000000000e+02,5.775694444440433450e-01,1.099139515415559920e+01,0.000000000000000000e+00,1.000000000000000000e+00,0.000000000000000000e+00,3.829840402098341062e-02
2.550000000000000000e+02,5.775694444440433450e-01,1.103073350801425612e+01,0.000000000000000000e+00,1.000000000000000000e+00,0.000000000000000000e+00,3.933835385865677020e-02
2.560000000000000000e+02,5.775694444440433450e-01,1.108168948459315573e+01,0.000000000000000000e+00,1.000000000000000000e+00,0.000000000000000000e+00,5.095597657889873455e-02
2.570000000000000000e+02,5.775694444440433450e-01,1.111998788861413878e+01,0.000000000000000000e+00,1.000000000000000000e+00,0.000000000000000000e+00,3.829840402098341062e-02
2.580000000000000000e+02,5.775694444440433450e-01,1.115922990007947213e+01,0.000000000000000000e+00,1.000000000000000000e+00,0.000000000000000000e+00,3.924201146533308482e-02
2.590000000000000000e+02,5.775694444440433450e-01,1.120913137294701301e+01,0.000000000000000000e+00,1.000000000000000000e+00,0.000000000000000000e+00,4.990147286754061107e-02
2.600000000000000000e+02,5.775694444440433450e-01,1.125807474426578736e+01,0.000000000000000000e+00,1.000000000000000000e+00,0.000000000000000000e+00,4.894337131877496416e-02
2.610000000000000000e+02,5.775694444440433450e-01,1.130797621713332823e+01,0.000000000000000000e+00,1.000000000000000000e+00,0.000000000000000000e+00,4.990147286754061107e-02
2.620000000000000000e+02,5.775694444440433450e-01,1.134627462115431129e+01,0.000000000000000000e+00,1.000000000000000000e+00,0.000000000000000000e+00,3.829840402098341062e-02
2.630000000000000000e+02,5.775694444440433450e-01,1.139710008243315720e+01,0.000000000000000000e+00,1.000000000000000000e+00,0.000000000000000000e+00,5.082546127884540049e-02
2.640000000000000000e+02,5.775694444440433450e-01,1.144805605901205681e+01,0.000000000000000000e+00,1.000000000000000000e+00,0.000000000000000000e+00,5.095597657889873455e-02
2.650000000000000000e+02,5.775694444440433450e-01,1.149883793518207220e+01,0.000000000000000000e+00,1.000000000000000000e+00,0.000000000000000000e+00,5.078187617001548443e-02
2.660000000000000000e+02,5.775694444440433450e-01,1.153713633920305526e+01,0.000000000000000000e+00,1.000000000000000000e+00,0.000000000000000000e+00,3.829840402098341062e-02
2.670000000000000000e+02,5.775694444440433450e-01,1.157719848658799044e+01,0.000000000000000000e+00,1.000000000000000000e+00,0.000000000000000000e+00,4.006214738493585337e-02
2.680000000000000000e+02,5.775694444440433450e-01,1.161054479400437600e+01,0.000000000000000000e+00,1.000000000000000000e+00,0.000000000000000000e+00,3.334630741638633378e-02
2.690000000000000000e+02,5.775694444440433450e-01,1.165948816532315035e+01,0.000000000000000000e+00,1.000000000000000000e+00,0.000000000000000000e+00,4.894337131877496416e-02
2.700000000000000000e+02,5.775694444440433450e-01,1.169778656934413341e+01,0.000000000000000000e+00,1.000000000000000000e+00,0.000000000000000000e+00,3.829840402098341062e-02
2.710000000000000000e+02,5.775694444440433450e-01,1.174672994066290777e+01,0.000000000000000000e+00,1.000000000000000000e+00,0.000000000000000000e+00,4.894337131877496416e-02
2.720000000000000000e+02,5.775694444440433450e-01,1.179750091290956604e+01,0.000000000000000000e+00,1.000000000000000000e+00,0.000000000000000000e+00,5.077097224665848979e-02
2.730000000000000000e+02,5.775694444440433450e-01,1.183084722032595160e+01,0.000000000000000000e+00,1.000000000000000000e+00,0.000000000000000000e+00,3.334630741638633378e-02
2.740000000000000000e+02,5.775694444440433450e-01,1.188161819257260987e+01,0.000000000000000000e+00,1.000000000000000000e+00,0.000000000000000000e+00,5.077097224665848979e-02
2.750000000000000000e+02,5.775694444440433450e-01,1.192168033995754506e+01,0.000000000000000000e+00,1.000000000000000000e+00,0.000000000000000000e+00,4.006214738493585337e-02
2.760000000000000000e+02,5.775694444440433450e-01,1.197062371127631941e+01,0.000000000000000000e+00,1.000000000000000000e+00,0.000000000000000000e+00,4.894337131877496416e-02
2.770000000000000000e+02,5.775694444440433450e-01,1.201068585866125460e+01,0.000000000000000000e+00,1.000000000000000000e+00,0.000000000000000000e+00,4.006214738493585337e-02
2.780000000000000000e+02,5.775694444440433450e-01,1.206058733152879547e+01,0.000000000000000000e+00,1.000000000000000000e+00,0.000000000000000000e+00,4.990147286754061107e-02
2.790000000000000000e+02,5.775694444440433450e-01,1.209992568538745239e+01,0.000000000000000000e+00,1.000000000000000000e+00,0.000000000000000000e+00,3.933835385865677020e-02
2.800000000000000000e+02,5.775694444440433450e-01,1.215069665763411066e+01,0.000000000000000000e+00,1.000000000000000000e+00,0.000000000000000000e+00,5.077097224665848979e-02
2.810000000000000000e+02,5.775694444440433450e-01,1.219964002895288502e+01,0.000000000000000000e+00,1.000000000000000000e+00,0.000000000000000000e+00,4.894337131877496416e-02
2.820000000000000000e+02,5.775694444440433450e-01,1.223187027472668831e+01,0.000000000000000000e+00,1.000000000000000000e+00,0.000000000000000000e+00,3.223024577380364381e-02
2.830000000000000000e+02,5.775694444440433450e-01,1.228265215089670370e+01,0.000000000000000000e+00,1.000000000000000000e+00,0.000000000000000000e+00,5.078187617001548443e-02
2.840000000000000000e+02,5.775694444440433450e-01,1.233342312314336198e+01,0.000000000000000000e+00,1.000000000000000000e+00,0.000000000000000000e+00,5.077097224665848979e-02
2.850000000000000000e+02,5.775694444440433450e-01,1.238420499931337737e+01,0.000000000000000000e+00,1.000000000000000000e+00,0.000000000000000000e+00,5.078187617001548443e-02
2.860000000000000000e+02,5.775694444440433450e-01,1.241755130672976293e+01,0.000000000000000000e+00,1.000000000000000000e+00,0.000000000000000000e+00,3.334630741638633378e-02
2.870000000000000000e+02,5.775694444440433450e-01,1.246837676800860883e+01,0.000000000000000000e+00,1.000000000000000000e+00,0.000000000000000000e+00,5.082546127884540049e-02
2.880000000000000000e+02,5.775694444440433450e-01,1.250060701378241212e+01,0.000000000000000000e+00,1.000000000000000000e+00,0.000000000000000000e+00,3.223024577380364381e-02
2.890000000000000000e+02,5.775694444440433450e-01,1.253994536764106904e+01,0.000000000000000000e+00,1.000000000000000000e+00,0.000000000000000000e+00,3.933835385865677020e-02
2.900000000000000000e+02,5.775694444440433450e-01,1.257329167505745460e+01,0.000000000000000000e+00,1.000000000000000000e+00,0.000000000000000000e+00,3.334630741638633378e-02
2.910000000000000000e+02,5.775694444440433450e-01,1.260552192083125789e+01,0.000000000000000000e+00,1.000000000000000000e+00,0.000000000000000000e+00,3.223024577380364381e-02
2.920000000000000000e+02,5.775694444440433450e-01,1.265634738211010379e+01,0.000000000000000000e+00,1.000000000000000000e+00,0.000000000000000000e+00,5.082546127884540049e-02
2.930000000000000000e+02,5.775694444440433450e-01,1.268857762788390708e+01,0.000000000000000000e+00,1.000000000000000000e+00,0.000000000000000000e+00,3.223024577380364381e-02
2.940000000000000000e+02,5.775694444440433450e-01,1.273935950405392248e+01,0.000000000000000000e+00,1.000000000000000000e+00,0.000000000000000000e+00,5.078187617001548443e-02
2.950000000000000000e+02,5.775694444440433450e-01,1.279013047630058075e+01,0.000000000000000000e+00,1.000000000000000000e+00,0.000000000000000000e+00,5.077097224665848979e-02
2.960000000000000000e+02,5.775694444440433450e-01,1.282842888032156381e+01,0.000000000000000000e+00,1.000000000000000000e+00,0.000000000000000000e+00,3.829840402098341062e-02
2.970000000000000000e+02,5.775694444440433450e-01,1.287833035318910468e+01,0.000000000000000000e+00,1.000000000000000000e+00,0.000000000000000000e+00,4.990147286754061107e-02
2.980000000000000000e+02,5.775694444440433450e-01,1.291167666060549024e+01,0.000000000000000000e+00,1.000000000000000000e+00,0.000000000000000000e+00,3.334630741638633378e-02
2.990000000000000000e+02,5.775694444440433450e-01,1.294390690637929353e+01,0.000000000000000000e+00,1.000000000000000000e+00,0.000000000000000000e+00,3.223024577380364381e-02
3.000000000000000000e+02,5.775694444440433450e-01,1.299380837924683441e+01,0.000000000000000000e+00,1.000000000000000000e+00,0.000000000000000000e+00,4.990147286754061107e-02
3.010000000000000000e+02,5.775694444440433450e-01,1.303210678326781746e+01,0.000000000000000000e+00,1.000000000000000000e+00,0.000000000000000000e+00,3.829840402098341062e-02
3.020000000000000000e+02,5.775694444440433450e-01,1.308306275984671707e+01,0.000000000000000000e+00,1.000000000000000000e+00,0.000000000000000000e+00,5.095597657889873455e-02
3.030000000000000000e+02,5.775694444440433450e-01,1.312230477131205042e+01,0.000000000000000000e+00,1.000000000000000000e+00,0.000000000000000000e+00,3.924201146533308482e-02
3.040000000000000000e+02,5.775694444440433450e-01,1.316164312517070734e+01,0.000000000000000000e+00,1.000000000000000000e+00,0.000000000000000000e+00,3.933835385865677020e-02
3.050000000000000000e+02,5.775694444440433450e-01,1.319387337094451063e+01,0.000000000000000000e+00,1.000000000000000000e+00,0.000000000000000000e+00,3.223024577380364381e-02
3.060000000000000000e+02,5.775694444440433450e-01,1.323217177496549368e+01,0.000000000000000000e+00,1.000000000000000000e+00,0.000000000000000000e+00,3.829840402098341062e-02
3.070000000000000000e+02,5.775694444440433450e-01,1.328111514628426804e+01,0.000000000000000000e+00,1.000000000000000000e+00,0.000000000000000000e+00,4.894337131877496416e-02
3.080000000000000000e+02,5.775694444440433450e-01,1.331941355030525109e+01,0.000000000000000000e+00,1.000000000000000000e+00,0.000000000000000000e+00,3.829840402098341062e-02
3.090000000000000000e+02,5.775694444440433450e-01,1.335275985772163665e+01,0.000000000000000000e+00,1.000000000000000000e+00,0.000000000000000000e+00,3.334630741638633378e-02
3.100000000000000000e+02,5.775694444440433450e-01,1.339200186918697000e+01,0.000000000000000000e+00,1.000000000000000000e+00,0.000000000000000000e+00,3.924201146533308482e-02
3.110000000000000000e+02,5.775694444440433450e-01,1.344190334205451087e+01,0.000000000000000000e+00,1.000000000000000000e+00,0.000000000000000000e+00,4.990147286754061107e-02
3.120000000000000000e+02,5.775694444440433450e-01,1.349285931863341048e+01,0.000000000000000000e+00,1.000000000000000000e+00,0.000000000000000000e+00,5.095597657889873455e-02
3.130000000000000000e+02,5.775694444440433450e-01,1.353210133009874383e+01,0.000000000000000000e+00,1.000000000000000000e+00,0.000000000000000000e+00,3.924201146533308482e-02
3.140000000000000000e+02,5.775694444440433450e-01,1.358104470141751818e+01,0.000000000000000000e+00,1.000000000000000000e+00,0.000000000000000000e+00,4.894337131877496416e-02
3.150000000000000000e+02,5.775694444440433450e-01,1.361327494719132147e+01,0.000000000000000000e+00,1.000000000000000000e+00,0.000000000000000000e+00,3.223024577380364381e-02
3.160000000000000000e+02,5.775694444440433450e-01,1.366221831851009583e+01,0.000000000000000000e+00,1.000000000000000000e+00,0.000000000000000000e+00,4.894337131877496416e-02
3.170000000000000000e+02,5.775694444440433450e-01,1.371300019468011122e+01,0.000000000000000000e+00,1.000000000000000000e+00,0.000000000000000000e+00,5.078187617001548443e-02
3.180000000000000000e+02,5.775694444440433450e-01,1.376382565595895713e+01,0.000000000000000000e+00,1.000000000000000000e+00,0.000000000000000000e+00,5.082546127884540049e-02
3.190000000000000000e+02,5.775694444440433450e-01,1.380316400981761404e+01,0.000000000000000000e+00,1.000000000000000000e+00,0.000000000000000000e+00,3.933835385865677020e-02
3.200000000000000000e+02,5.775694444440433450e-01,1.385411998639651365e+01,0.000000000000000000e+00,1.000000000000000000e+00,0.000000000000000000e+00,5.095597657889873455e-02
3.210000000000000000e+02,5.775694444440433450e-01,1.389336199786184700e+01,0.000000000000000000e+00,1.000000000000000000e+00,0.000000000000000000e+00,3.924201146533308482e-02
3.220000000000000000e+02,5.775694444440433450e-01,1.393270035172050392e+01,0.000000000000000000e+00,1.000000000000000000e+00,0.000000000000000000e+00,3.933835385865677020e-02
3.230000000000000000e+02,5.775694444440433450e-01,1.396604665913688947e+01,0.000000000000000000e+00,1.000000000000000000e+00,0.000000000000000000e+00,3.334630741638633378e-02
3.240000000000000000e+02,5.775694444440433450e-01,1.400434506315787253e+01,0.000000000000000000e+00,1.000000000000000000e+00,0.000000000000000000e+00,3.829840402098341062e-02
3.250000000000000000e+02,5.775694444440433450e-01,1.405530103973677214e+01,0.000000000000000000e+00,1.000000000000000000e+00,0.000000000000000000e+00,5.095597657889873455e-02
3.260000000000000000e+02,5.775694444440433450e-01,1.410424441105554649e+01,0.000000000000000000e+00,1.000000000000000000e+00,0.000000000000000000e+00,4.894337131877496416e-02
3.270000000000000000e+02,5.775694444440433450e-01,1.415506987233439240e+01,0.000000000000000000e+00,1.000000000000000000e+00,0.000000000000000000e+00,5.082546127884540049e-02
3.280000000000000000e+02,5.775694444440433450e-01,1.420584084458105067e+01,0.000000000000000000e+00,1.000000000000000000e+00,0.000000000000000000e+00,5.077097224665848979e-02
3.290000000000000000e+02,5.775694444440433450e-01,1.424508285604638402e+01,0.000000000000000000e+00,1.000000000000000000e+00,0.000000000000000000e+00,3.924201146533308482e-02
3.300000000000000000e+02,5.775694444440433450e-01,1.428514500343131921e+01,0.000000000000000000e+00,1.000000000000000000e+00,0.000000000000000000e+00,4.006214738493585337e-02
3.310000000000000000e+02,5.775694444440433450e-01,1.432438701489665256e+01,0.000000000000000000e+00,1.000000000000000000e+00,0.000000000000000000e+00,3.924201146533308482e-02
3.320000000000000000e+02,5.775694444440433450e-01,1.435773332231303812e+01,0.000000000000000000e+00,1.000000000000000000e+00,0.000000000000000000e+00,3.334630741638633378e-02
3.330000000000000000e+02,5.775694444440433450e-01,1.439697533377837146e+01,0.000000000000000000e+00,1.000000000000000000e+00,0.000000000000000000e+00,3.924201146533308482e-02
3.340000000000000000e+02,5.775694444440433450e-01,1.444793131035727107e+01,0.000000000000000000e+00,1.000000000000000000e+00,0.000000000000000000e+00,5.095597657889873455e-02
3.350000000000000000e+02,5.775694444440433450e-01,1.448016155613107436e+01,0.000000000000000000e+00,1.000000000000000000e+00,0.000000000000000000e+00,3.223024577380364381e-02
3.360000000000000000e+02,5.775694444440433450e-01,1.452910492744984872e+01,0.000000000000000000e+00,1.000000000000000000e+00,0.000000000000000000e+00,4.894337131877496416e-02
3.370000000000000000e+02,5.775694444440433450e-01,1.456834693891518206e+01,0.000000000000000000e+00,1.000000000000000000e+00,0.000000000000000000e+00,3.924201146533308482e-02
3.380000000000000000e+02,5.775694444440433450e-01,1.460840908630011725e+01,0.000000000000000000e+00,1.000000000000000000e+00,0.000000000000000000e+00,4.006214738493585337e-02
3.390000000000000000e+02,5.775694444440433450e-01,1.464175539371650281e+01,0.000000000000000000e+00,1.000000000000000000e+00,0.000000000000000000e+00,3.334630741638633378e-02
3.400000000000000000e+02,5.775694444440433450e-01,1.468181754110143800e+01,0.000000000000000000e+00,1.000000000000000000e+00,0.000000000000000000e+00,4.006214738493585337e-02
3.410000000000000000e+02,5.775694444440433450e-01,1.472115589496009491e+01,0.000000000000000000e+00,1.000000000000000000e+00,0.000000000000000000e+00,3.933835385865677020e-02
3.420000000000000000e+02,5.775694444440433450e-01,1.477105736782763579e+01,0.000000000000000000e+00,1.000000000000000000e+00,0.000000000000000000e+00,4.990147286754061107e-02
3.430000000000000000e+02,5.775694444440433450e-01,1.482188282910648169e+01,0.000000000000000000e+00,1.000000000000000000e+00,0.000000000000000000e+00,5.082546127884540049e-02
3.440000000000000000e+02,5.775694444440433450e-01,1.485411307488028498e+01,0.000000000000000000e+00,1.000000000000000000e+00,0.000000000000000000e+00,3.223024577380364381e-02
3.450000000000000000e+02,5.775694444440433450e-01,1.489335508634561833e+01,0.000000000000000000e+00,1.000000000000000000e+00,0.000000000000000000e+00,3.924201146533308482e-02
3.460000000000000000e+02,5.775694444440433450e-01,1.493341723373055352e+01,0.000000000000000000e+00,1.000000000000000000e+00,0.000000000000000000e+00,4.006214738493585337e-02
3.470000000000000000e+02,5.775694444440433450e-01,1.497275558758921044e+01,0.000000000000000000e+00,1.000000000000000000e+00,0.000000000000000000e+00,3.933835385865677020e-02
3.480000000000000000e+02,5.775694444440433450e-01,1.502169895890798479e+01,0.000000000000000000e+00,1.000000000000000000e+00,0.000000000000000000e+00,4.894337131877496416e-02
3.490000000000000000e+02,5.775694444440433450e-01,1.507252442018683070e+01,0.000000000000000000e+00,1.000000000000000000e+00,0.000000000000000000e+00,5.082546127884540049e-02
3.500000000000000000e+02,5.775694444440433450e-01,1.511186277404548761e+01,0.000000000000000000e+00,1.000000000000000000e+00,0.000000000000000000e+00,3.933835385865677020e-02
3.510000000000000000e+02,5.775694444440433450e-01,1.515110478551082096e+01,0.000000000000000000e+00,1.000000000000000000e+00,0.000000000000000000e+00,3.924201146533308482e-02
3.520000000000000000e+02,5.775694444440433450e-01,1.520206076208972057e+01,0.000000000000000000e+00,1.000000000000000000e+00,0.000000000000000000e+00,5.095597657889873455e-02
3.530000000000000000e+02,5.775694444440433450e-01,1.524035916611070363e+01,0.000000000000000000e+00,1.000000000000000000e+00,0.000000000000000000e+00,3.829840402098341062e-02
3.540000000000000000e+02,5.775694444440433450e-01,1.529026063897824450e+01,0.000000000000000000e+00,1.000000000000000000e+00,0.000000000000000000e+00,4.990147286754061107e-02
3.550000000000000000e+02,5.775694444440433450e-01,1.532959899283690142e+01,0.000000000000000000e+00,1.000000000000000000e+00,0.000000000000000000e+00,3.933835385865677020e-02
3.560000000000000000e+02,5.775694444440433450e-01,1.538036996508355969e+01,0.000000000000000000e+00,1.000000000000000000e+00,0.000000000000000000e+00,5.077097224665848979e-02
3.570000000000000000e+02,5.775694444440433450e-01,1.543132594166245930e+01,0.000000000000000000e+00,1.000000000000000000e+00,0.000000000000000000e+00,5.095597657889873455e-02
3.580000000000000000e+02,5.775694444440433450e-01,1.548122741453000017e+01,0.000000000000000000e+00,1.000000000000000000e+00,0.000000000000000000e+00,4.990147286754061107e-02
3.590000000000000000e+02,5.775694444440433450e-01,1.553200929070001557e+01,0.000000000000000000e+00,1.000000000000000000e+00,0.000000000000000000e+00,5.078187617001548443e-02
3.600000000000000000e+02,5.775694444440433450e-01,1.558283475197886148e+01,0.000000000000000000e+00,1.000000000000000000e+00,0.000000000000000000e+00,5.082546127884540049e-02
3.610000000000000000e+02,5.775694444440433450e-01,1.563379072855776108e+01,0.000000000000000000e+00,1.000000000000000000e+00,0.000000000000000000e+00,5.095597657889873455e-02
3.620000000000000000e+02,5.775694444440433450e-01,1.566713703597414664e+01,0.000000000000000000e+00,1.000000000000000000e+00,0.000000000000000000e+00,3.334630741638633378e-02
3.630000000000000000e+02,5.775694444440433450e-01,1.571809301255304625e+01,0.000000000000000000e+00,1.000000000000000000e+00,0.000000000000000000e+00,5.095597657889873455e-02
3.640000000000000000e+02,5.775694444440433450e-01,1.575733502401837960e+01,0.000000000000000000e+00,1.000000000000000000e+00,0.000000000000000000e+00,3.924201146533308482e-02
3.650000000000000000e+02,5.775694444440433450e-01,1.580811690018839499e+01,0.000000000000000000e+00,1.000000000000000000e+00,0.000000000000000000e+00,5.078187617001548443e-02
3.660000000000000000e+02,5.775694444440433450e-01,1.585801837305593587e+01,0.000000000000000000e+00,1.000000000000000000e+00,0.000000000000000000e+00,4.990147286754061107e-02
3.670000000000000000e+02,5.775694444440433450e-01,1.590878934530259414e+01,0.000000000000000000e+00,1.000000000000000000e+00,0.000000000000000000e+00,5.077097224665848979e-02
3.680000000000000000e+02,5.775694444440433450e-01,1.594213565271897970e+01,0.000000000000000000e+00,1.000000000000000000e+00,0.000000000000000000e+00,3.334630741638633378e-02
3.690000000000000000e+02,5.775694444440433450e-01,1.598219780010391489e+01,0.000000000000000000e+00,1.000000000000000000e+00,0.000000000000000000e+00,4.006214738493585337e-02
3.700000000000000000e+02,5.775694444440433450e-01,1.602143981156924823e+01,0.000000000000000000e+00,1.000000000000000000e+00,0.000000000000000000e+00,3.924201146533308482e-02
3.710000000000000000e+02,5.775694444440433450e-01,1.605478611898563557e+01,0.000000000000000000e+00,1.000000000000000000e+00,0.000000000000000000e+00,3.334630741638633378e-02
3.720000000000000000e+02,5.775694444440433450e-01,1.610372949030440992e+01,0.000000000000000000e+00,1.000000000000000000e+00,0.000000000000000000e+00,4.894337131877496416e-02
3.730000000000000000e+02,5.775694444440433450e-01,1.615455495158325405e+01,0.000000000000000000e+00,1.000000000000000000e+00,0.000000000000000000e+00,5.082546127884540049e-02
3.740000000000000000e+02,5.775694444440433450e-01,1.620445642445079315e+01,0.000000000000000000e+00,1.000000000000000000e+00,0.000000000000000000e+00,4.990147286754061107e-02
3.750000000000000000e+02,5.775694444440433450e-01,1.624275482847177798e+01,0.000000000000000000e+00,1.000000000000000000e+00,0.000000000000000000e+00,3.829840402098341062e-02
3.760000000000000000e+02,5.775694444440433450e-01,1.629371080505067582e+01,0.000000000000000000e+00,1.000000000000000000e+00,0.000000000000000000e+00,5.095597657889873455e-02
3.770000000000000000e+02,5.775694444440433450e-01,1.634448177729733587e+01,0.000000000000000000e+00,1.000000000000000000e+00,0.000000000000000000e+00,5.077097224665848979e-02
3.780000000000000000e+02,5.775694444440433450e-01,1.639530723857618000e+01,0.000000000000000000e+00,1.000000000000000000e+00,0.000000000000000000e+00,5.082546127884540049e-02
3.790000000000000000e+02,5.775694444440433450e-01,1.643454925004151335e+01,0.000000000000000000e+00,1.000000000000000000e+00,0.000000000000000000e+00,3.924201146533308482e-02
3.800000000000000000e+02,5.775694444440433450e-01,1.647461139742645031e+01,0.000000000000000000e+00,1.000000000000000000e+00,0.000000000000000000e+00,4.006214738493585337e-02
3.810000000000000000e+02,5.775694444440433450e-01,1.651394975128510723e+01,0.000000000000000000e+00,1.000000000000000000e+00,0.000000000000000000e+00,3.933835385865677020e-02
3.820000000000000000e+02,5.775694444440433450e-01,1.656385122415264632e+01,0.000000000000000000e+00,1.000000000000000000e+00,0.000000000000000000e+00,4.990147286754061107e-02
3.830000000000000000e+02,5.775694444440433450e-01,1.659719753156903366e+01,0.000000000000000000e+00,1.000000000000000000e+00,0.000000000000000000e+00,3.334630741638633378e-02
3.840000000000000000e+02,5.775694444440433450e-01,1.664796850381569371e+01,0.000000000000000000e+00,1.000000000000000000e+00,0.000000000000000000e+00,5.077097224665848979e-02
3.850000000000000000e+02,5.775694444440433450e-01,1.669879396509453784e+01,0.000000000000000000e+00,1.000000000000000000e+00,0.000000000000000000e+00,5.082546127884540049e-02
3.860000000000000000e+02,5.775694444440433450e-01,1.674956493734119789e+01,0.000000000000000000e+00,1.000000000000000000e+00,0.000000000000000000e+00,5.077097224665848979e-02
3.870000000000000000e+02,5.775694444440433450e-01,1.678880694880653124e+01,0.000000000000000000e+00,1.000000000000000000e+00,0.000000000000000000e+00,3.924201146533308482e-02
3.880000000000000000e+02,5.775694444440433450e-01,1.682886909619146820e+01,0.000000000000000000e+00,1.000000000000000000e+00,0.000000000000000000e+00,4.006214738493585337e-02
3.890000000000000000e+02,5.775694444440433450e-01,1.687969455747031233e+01,0.000000000000000000e+00,1.000000000000000000e+00,0.000000000000000000e+00,5.082546127884540049e-02
3.900000000000000000e+02,5.775694444440433450e-01,1.691304086488669967e+01,0.000000000000000000e+00,1.000000000000000000e+00,0.000000000000000000e+00,3.334630741638633378e-02
3.910000000000000000e+02,5.775694444440433450e-01,1.695310301227163663e+01,0.000000000000000000e+00,1.000000000000000000e+00,1.000000000000000000e+00,4.006214738493585337e-02
3.920000000000000000e+02,5.775694444440433450e-01,1.700204638359041098e+01,0.000000000000000000e+00,1.000000000000000000e+00,1.000000000000000000e+00,4.894337131877496416e-02
3.930000000000000000e+02,5.775694444440433450e-01,1.703539269100679832e+01,0.000000000000000000e+00,1.000000000000000000e+00,0.000000000000000000e+00,3.334630741638633378e-02
3.940000000000000000e+02,5.775694444440433450e-01,1.708616366325345837e+01,0.000000000000000000e+00,1.000000000000000000e+00,0.000000000000000000e+00,5.077097224665848979e-02
3.950000000000000000e+02,5.775694444440433450e-01,1.711839390902726166e+01,0.000000000000000000e+00,1.000000000000000000e+00,0.000000000000000000e+00,3.223024577380364381e-02
3.960000000000000000e+02,5.775694444440433450e-01,1.715763592049259501e+01,0.000000000000000000e+00,1.000000000000000000e+00,0.000000000000000000e+00,3.924201146533308482e-02
3.970000000000000000e+02,5.775694444440433450e-01,1.720859189707149284e+01,0.000000000000000000e+00,1.000000000000000000e+00,0.000000000000000000e+00,5.095597657889873455e-02
3.980000000000000000e+02,5.775694444440433450e-01,1.724783390853682619e+01,0.000000000000000000e+00,1.000000000000000000e+00,0.000000000000000000e+00,3.924201146533308482e-02
3.990000000000000000e+02,5.775694444440433450e-01,1.728613231255781102e+01,0.000000000000000000e+00,1.000000000000000000e+00,0.000000000000000000e+00,3.829840402098341062e-02
4.000000000000000000e+02,5.775694444440433450e-01,1.733695777383665515e+01,0.000000000000000000e+00,1.000000000000000000e+00,0.000000000000000000e+00,5.082546127884540049e-02
